rank,file,t_sec,score,U,A,D,n_boxes,n_ambiguous,empty,selected
1,frame_0016.jpg,6.4,0.7333,0.6916,0.625,1.0,9,5,False,True
2,frame_0081.jpg,32.4,0.7217,0.7804,0.625,0.72,10,5,False,True
3,frame_0022.jpg,8.8,0.715,0.6551,0.625,1.0,10,5,False,True
4,frame_0030.jpg,12.0,0.7122,0.7994,0.375,1.0,12,3,False,True
5,frame_0023.jpg,9.2,0.7102,0.5704,0.75,1.0,8,6,False,False
6,frame_0003.jpg,1.2,0.6934,0.6868,0.5,1.0,12,4,False,True
7,frame_0033.jpg,13.2,0.6882,0.6014,0.625,1.0,12,5,False,False
8,frame_0002.jpg,0.8,0.6859,0.6717,0.5,1.0,14,4,False,False
9,frame_0001.jpg,0.4,0.6848,0.5197,0.75,1.0,14,6,False,False
10,frame_0017.jpg,6.8,0.6796,0.7342,0.375,1.0,10,3,False,False
11,frame_0382.jpg,152.8,0.6755,0.719,1.0,0.08,15,8,False,True
12,frame_0379.jpg,151.6,0.675,0.884,0.75,0.04,17,6,False,False
13,frame_0076.jpg,30.4,0.6536,0.6392,0.5,0.92,10,4,False,True
14,frame_0067.jpg,26.8,0.6509,0.6018,0.5,1.0,16,4,False,True
15,frame_0307.jpg,122.8,0.6467,0.8384,0.625,0.2,15,5,False,True
16,frame_0223.jpg,89.2,0.6465,0.779,0.75,0.16,18,6,False,True
17,frame_0000.jpg,0.0,0.646,0.6669,0.375,1.0,13,3,False,False
18,frame_0071.jpg,28.4,0.6414,0.5827,0.5,1.0,12,4,False,False
19,frame_0026.jpg,10.4,0.6404,0.5808,0.5,1.0,10,4,False,False
20,frame_0069.jpg,27.6,0.6367,0.5735,0.5,1.0,14,4,False,False
21,frame_0133.jpg,53.2,0.6323,0.5647,0.5,1.0,11,4,False,True
22,frame_0116.jpg,46.4,0.6314,0.7438,0.625,0.36,17,5,False,True
23,frame_0032.jpg,12.8,0.6305,0.561,0.5,1.0,17,4,False,False
24,frame_0386.jpg,154.4,0.6274,0.7088,0.75,0.24,14,6,False,False
25,frame_0323.jpg,129.2,0.6251,0.7522,0.75,0.12,11,6,False,False
26,frame_0128.jpg,51.2,0.62,0.529,0.625,0.84,14,5,False,False
27,frame_0004.jpg,1.6,0.6198,0.4645,0.625,1.0,15,5,False,False
28,frame_0078.jpg,31.2,0.6174,0.5987,0.5,0.84,12,4,False,False
29,frame_0328.jpg,131.2,0.616,0.825,0.625,0.08,21,5,False,False
30,frame_0068.jpg,27.2,0.6034,0.5818,0.375,1.0,14,3,False,False
31,frame_0070.jpg,28.0,0.6001,0.5002,0.5,1.0,13,4,False,False
32,frame_0031.jpg,12.4,0.5926,0.5601,0.375,1.0,13,3,False,False
33,frame_0075.jpg,30.0,0.5922,0.5755,0.375,0.96,11,3,False,False
34,frame_0006.jpg,2.4,0.5863,0.6225,0.25,1.0,10,2,False,False
35,frame_0321.jpg,128.4,0.5814,0.7827,0.5,0.2,12,4,False,False
36,frame_0167.jpg,66.8,0.5811,0.6222,0.5,0.6,15,4,False,False
37,frame_0188.jpg,75.2,0.5781,0.7653,0.625,0.04,14,5,False,False
38,frame_0288.jpg,115.2,0.5779,0.5678,0.5,0.72,12,4,False,False
39,frame_0385.jpg,154.0,0.5743,0.8435,0.375,0.2,16,3,False,False
40,frame_0021.jpg,8.4,0.5741,0.5233,0.375,1.0,9,3,False,False
41,frame_0124.jpg,49.6,0.5706,0.7942,0.125,0.68,14,1,False,False
42,frame_0172.jpg,68.8,0.5691,0.6031,0.625,0.4,12,5,False,False
43,frame_0110.jpg,44.0,0.5661,0.6343,0.75,0.12,14,6,False,False
44,frame_0290.jpg,116.0,0.5647,0.5843,0.375,0.8,12,3,False,False
45,frame_0126.jpg,50.4,0.5641,0.5241,0.5,0.76,12,4,False,False
46,frame_0092.jpg,36.8,0.559,0.556,0.75,0.28,12,6,False,False
47,frame_0132.jpg,52.8,0.5532,0.5564,0.25,1.0,17,2,False,False
48,frame_0304.jpg,121.6,0.5471,0.6661,0.5,0.32,11,4,False,False
49,frame_0083.jpg,33.2,0.5464,0.4617,0.625,0.64,14,5,False,False
50,frame_0114.jpg,45.6,0.5459,0.6048,0.625,0.28,13,5,False,False
51,frame_0098.jpg,39.2,0.5436,0.8463,0.375,0.04,14,3,False,False
52,frame_0074.jpg,29.6,0.543,0.461,0.375,1.0,12,3,False,False
53,frame_0127.jpg,50.8,0.5414,0.6128,0.25,0.8,9,2,False,False
54,frame_0080.jpg,32.0,0.5333,0.5376,0.375,0.76,10,3,False,False
55,frame_0299.jpg,119.6,0.5311,0.6291,0.375,0.52,10,3,False,False
56,frame_0320.jpg,128.0,0.527,0.583,0.625,0.24,13,5,False,False
57,frame_0300.jpg,120.0,0.5257,0.6345,0.375,0.48,12,3,False,False
58,frame_0191.jpg,76.4,0.5244,0.7599,0.375,0.16,10,3,False,False
59,frame_0287.jpg,114.8,0.5208,0.5446,0.375,0.68,9,3,False,False
60,frame_0210.jpg,84.0,0.5206,0.5442,0.375,0.68,9,3,False,False
61,frame_0117.jpg,46.8,0.5202,0.5804,0.5,0.4,12,4,False,False
62,frame_0329.jpg,131.6,0.5199,0.7078,0.5,0.08,23,4,False,False
63,frame_0383.jpg,153.2,0.5195,0.6161,0.625,0.12,17,5,False,False
64,frame_0027.jpg,10.8,0.5192,0.4134,0.375,1.0,13,3,False,False
65,frame_0295.jpg,118.0,0.5168,0.6116,0.25,0.68,14,2,False,False
66,frame_0129.jpg,51.6,0.5158,0.5296,0.25,0.88,12,2,False,False
67,frame_0109.jpg,43.6,0.5082,0.4594,0.875,0.08,14,7,False,False
68,frame_0384.jpg,153.6,0.5077,0.6514,0.5,0.16,17,4,False,False
69,frame_0215.jpg,86.0,0.5063,0.5207,0.5,0.48,12,4,False,False
70,frame_0310.jpg,124.0,0.5054,0.6038,0.625,0.08,13,5,False,False
71,frame_0373.jpg,149.2,0.5024,0.7158,0.375,0.16,22,3,False,False
72,frame_0221.jpg,88.4,0.5014,0.6068,0.5,0.24,14,4,False,False
73,frame_0005.jpg,2.0,0.501,0.5269,0.125,1.0,7,1,False,False
74,frame_0233.jpg,93.2,0.5001,0.6792,0.375,0.24,18,3,False,False
75,frame_0072.jpg,28.8,0.4953,0.4406,0.25,1.0,13,2,False,False
76,frame_0377.jpg,150.8,0.493,0.713,0.375,0.12,18,3,False,False
77,frame_0007.jpg,2.8,0.4904,0.5057,0.125,1.0,12,1,False,False
78,frame_0169.jpg,67.6,0.4901,0.4723,0.5,0.52,13,4,False,False
79,frame_0208.jpg,83.2,0.4895,0.4499,0.375,0.76,7,3,False,False
80,frame_0168.jpg,67.2,0.4885,0.528,0.375,0.56,9,3,False,False
81,frame_0018.jpg,7.2,0.4879,0.4258,0.25,1.0,8,2,False,False
82,frame_0082.jpg,32.8,0.4874,0.5527,0.25,0.68,16,2,False,False
83,frame_0395.jpg,158.0,0.4858,0.6985,0.375,0.12,13,3,False,False
84,frame_0399.jpg,159.6,0.4857,0.5594,0.5,0.28,11,4,False,False
85,frame_0084.jpg,33.6,0.4845,0.504,0.375,0.6,12,3,False,False
86,frame_0009.jpg,3.6,0.4808,0.4117,0.25,1.0,8,2,False,False
87,frame_0121.jpg,48.4,0.48,0.5111,0.375,0.56,9,3,False,False
88,frame_0286.jpg,114.4,0.4794,0.5528,0.25,0.64,9,2,False,False
89,frame_0274.jpg,109.6,0.4755,0.5869,0.5,0.16,17,4,False,False
90,frame_0367.jpg,146.8,0.4753,0.6185,0.5,0.08,22,4,False,False
91,frame_0318.jpg,127.2,0.4749,0.5539,0.5,0.24,10,4,False,False
92,frame_0322.jpg,128.8,0.4734,0.5077,0.625,0.16,12,5,False,False
93,frame_0125.jpg,50.0,0.4729,0.5078,0.25,0.72,15,2,False,False
94,frame_0291.jpg,116.4,0.4711,0.4563,0.25,0.84,10,2,False,False
95,frame_0010.jpg,4.0,0.47,0.3149,0.375,1.0,8,3,False,False
96,frame_0120.jpg,48.0,0.469,0.655,0.125,0.52,9,1,False,False
97,frame_0020.jpg,8.0,0.4689,0.4628,0.125,1.0,8,1,False,False
98,frame_0173.jpg,69.2,0.4641,0.6342,0.25,0.36,11,2,False,False
99,frame_0289.jpg,115.6,0.4618,0.3197,0.5,0.76,12,4,False,False
100,frame_0297.jpg,118.8,0.4612,0.5324,0.25,0.6,12,2,False,False
101,frame_0232.jpg,92.8,0.458,0.5359,0.5,0.2,14,4,False,False
102,frame_0090.jpg,36.0,0.4557,0.5424,0.375,0.36,13,3,False,False
103,frame_0316.jpg,126.4,0.4545,0.62,0.375,0.16,11,3,False,False
104,frame_0096.jpg,38.4,0.4516,0.6302,0.375,0.12,19,3,False,False
105,frame_0178.jpg,71.2,0.4513,0.6136,0.375,0.16,15,3,False,False
106,frame_0268.jpg,107.2,0.4477,0.6385,0.375,0.08,10,3,False,False
107,frame_0391.jpg,156.4,0.4477,0.6544,0.375,0.04,12,3,False,False
108,frame_0130.jpg,52.0,0.4476,0.3772,0.25,0.92,16,2,False,False
109,frame_0372.jpg,148.8,0.4476,0.6223,0.375,0.12,16,3,False,False
110,frame_0186.jpg,74.4,0.4468,0.5777,0.5,0.04,16,4,False,False
111,frame_0179.jpg,71.6,0.4467,0.5454,0.5,0.12,16,4,False,False
112,frame_0115.jpg,46.0,0.4444,0.6107,0.25,0.32,13,2,False,False
113,frame_0378.jpg,151.2,0.4404,0.6238,0.375,0.08,17,3,False,False
114,frame_0315.jpg,126.0,0.4391,0.6052,0.375,0.12,13,3,False,False
115,frame_0194.jpg,77.6,0.4388,0.5407,0.375,0.28,7,3,False,False
116,frame_0276.jpg,110.4,0.4369,0.6278,0.25,0.24,15,2,False,False
117,frame_0390.jpg,156.0,0.4367,0.6164,0.375,0.08,15,3,False,False
118,frame_0175.jpg,70.0,0.4341,0.5313,0.375,0.28,12,3,False,False
119,frame_0387.jpg,154.8,0.4322,0.7094,0.125,0.2,14,1,False,False
120,frame_0192.jpg,76.8,0.4314,0.5578,0.375,0.2,9,3,False,False
121,frame_0207.jpg,82.8,0.4306,0.3911,0.25,0.8,8,2,False,False
122,frame_0131.jpg,52.4,0.4305,0.3271,0.25,0.96,12,2,False,False
123,frame_0176.jpg,70.4,0.4291,0.6872,0.125,0.24,13,1,False,False
124,frame_0324.jpg,129.6,0.4284,0.5999,0.375,0.08,16,3,False,False
125,frame_0118.jpg,47.2,0.427,0.5279,0.25,0.44,14,2,False,False
126,frame_0180.jpg,72.0,0.4261,0.6702,0.25,0.08,14,2,False,False
127,frame_0201.jpg,80.4,0.4259,0.4778,0.25,0.56,8,2,False,False
128,frame_0305.jpg,122.0,0.4227,0.5085,0.375,0.28,10,3,False,False
129,frame_0019.jpg,7.6,0.4214,0.2929,0.25,1.0,8,2,False,False
130,frame_0170.jpg,68.0,0.4209,0.5749,0.125,0.48,12,1,False,False
131,frame_0100.jpg,40.0,0.4205,0.6,0.375,0.04,12,3,False,False
132,frame_0283.jpg,113.2,0.4205,0.408,0.375,0.52,10,3,False,False
133,frame_0293.jpg,117.2,0.4199,0.3107,0.375,0.76,12,3,False,False
134,frame_0280.jpg,112.0,0.4195,0.5289,0.25,0.4,12,2,False,False
135,frame_0193.jpg,77.2,0.4191,0.6672,0.125,0.24,10,1,False,False
136,frame_0025.jpg,10.0,0.419,0.288,0.25,1.0,8,2,False,False
137,frame_0203.jpg,81.2,0.4189,0.5069,0.125,0.64,8,1,False,False
138,frame_0381.jpg,152.4,0.4184,0.5958,0.375,0.04,14,3,False,False
139,frame_0213.jpg,85.2,0.4174,0.3858,0.375,0.56,6,3,False,False
140,frame_0206.jpg,82.4,0.4163,0.3785,0.25,0.76,9,2,False,False
141,frame_0333.jpg,133.2,0.416,0.575,0.375,0.08,16,3,False,False
142,frame_0371.jpg,148.4,0.4137,0.6453,0.25,0.08,15,2,False,False
143,frame_0388.jpg,155.2,0.4129,0.5368,0.375,0.16,14,3,False,False
144,frame_0094.jpg,37.6,0.4127,0.5205,0.375,0.2,12,3,False,False
145,frame_0113.jpg,45.2,0.4122,0.5783,0.25,0.24,11,2,False,False
146,frame_0396.jpg,158.4,0.4103,0.5316,0.375,0.16,9,3,False,False
147,frame_0222.jpg,88.8,0.4075,0.5101,0.375,0.2,13,3,False,False
148,frame_0200.jpg,80.0,0.4065,0.4551,0.25,0.52,6,2,False,False
149,frame_0278.jpg,111.2,0.4054,0.5328,0.25,0.32,11,2,False,False
150,frame_0368.jpg,147.2,0.4052,0.5694,0.375,0.04,22,3,False,False
151,frame_0314.jpg,125.6,0.405,0.628,0.25,0.08,12,2,False,False
152,frame_0014.jpg,5.6,0.4047,0.3344,0.125,1.0,7,1,False,False
153,frame_0306.jpg,122.4,0.3984,0.5509,0.25,0.24,11,2,False,False
154,frame_0330.jpg,132.0,0.3967,0.5525,0.375,0.04,20,3,False,False
155,frame_0185.jpg,74.0,0.3964,0.6107,0.25,0.08,15,2,False,False
156,frame_0174.jpg,69.6,0.3957,0.5135,0.25,0.32,12,2,False,False
157,frame_0029.jpg,11.6,0.3933,0.3867,0.0,1.0,12,0,False,False
158,frame_0302.jpg,120.8,0.3923,0.5497,0.125,0.4,13,1,False,False
159,frame_0086.jpg,34.4,0.3918,0.4256,0.25,0.52,10,2,False,False
160,frame_0394.jpg,157.6,0.3915,0.601,0.25,0.08,14,2,False,False
161,frame_0101.jpg,40.4,0.3909,0.5998,0.25,0.08,14,2,False,False
162,frame_0325.jpg,130.0,0.3894,0.4629,0.5,0.04,15,4,False,False
163,frame_0011.jpg,4.4,0.3889,0.3777,0.0,1.0,8,0,False,False
164,frame_0298.jpg,119.2,0.3884,0.4028,0.25,0.56,11,2,False,False
165,frame_0281.jpg,112.4,0.3868,0.3727,0.375,0.44,12,3,False,False
166,frame_0229.jpg,91.6,0.3865,0.516,0.375,0.08,14,3,False,False
167,frame_0277.jpg,110.8,0.3851,0.5833,0.125,0.28,13,1,False,False
168,frame_0217.jpg,86.8,0.3847,0.3844,0.375,0.4,9,3,False,False
169,frame_0284.jpg,113.6,0.3847,0.4704,0.125,0.56,12,1,False,False
170,frame_0375.jpg,150.0,0.3831,0.4612,0.375,0.2,17,3,False,False
171,frame_0212.jpg,84.8,0.3829,0.4508,0.125,0.6,9,1,False,False
172,frame_0171.jpg,68.4,0.3814,0.4367,0.25,0.44,10,2,False,False
173,frame_0028.jpg,11.2,0.3773,0.2795,0.125,1.0,9,1,False,False
174,frame_0089.jpg,35.6,0.3767,0.5184,0.125,0.4,14,1,False,False
175,frame_0108.jpg,43.2,0.3762,0.5115,0.375,0.04,14,3,False,False
176,frame_0119.jpg,47.6,0.3762,0.4104,0.25,0.48,9,2,False,False
177,frame_0230.jpg,92.0,0.373,0.4731,0.375,0.12,15,3,False,False
178,frame_0319.jpg,127.6,0.3718,0.5566,0.125,0.28,17,1,False,False
179,frame_0376.jpg,150.4,0.3714,0.5288,0.25,0.16,16,2,False,False
180,frame_0073.jpg,29.2,0.3698,0.3396,0.0,1.0,12,0,False,False
181,frame_0211.jpg,84.4,0.3696,0.4081,0.125,0.64,8,1,False,False
182,frame_0374.jpg,149.6,0.3689,0.5827,0.125,0.2,18,1,False,False
183,frame_0301.jpg,120.4,0.3664,0.4818,0.125,0.44,11,1,False,False
184,frame_0077.jpg,30.8,0.3643,0.3765,0.0,0.88,13,0,False,False
185,frame_0309.jpg,123.6,0.3607,0.5984,0.125,0.12,11,1,False,False
186,frame_0282.jpg,112.8,0.3591,0.3762,0.25,0.48,10,2,False,False
187,frame_0205.jpg,82.0,0.3544,0.3458,0.125,0.72,5,1,False,False
188,frame_0271.jpg,108.4,0.3539,0.4668,0.375,0.04,9,3,False,False
189,frame_0112.jpg,44.8,0.3527,0.4003,0.375,0.2,13,3,False,False
190,frame_0181.jpg,72.4,0.3512,0.6114,0.125,0.04,10,1,False,False
191,frame_0079.jpg,31.6,0.3508,0.3066,0.125,0.8,12,1,False,False
192,frame_0393.jpg,157.2,0.3486,0.5312,0.25,0.04,11,2,False,False
193,frame_0103.jpg,41.2,0.3481,0.4073,0.375,0.16,13,3,False,False
194,frame_0273.jpg,109.2,0.3472,0.4214,0.375,0.12,18,3,False,False
195,frame_0202.jpg,80.8,0.347,0.379,0.125,0.6,6,1,False,False
196,frame_0008.jpg,3.2,0.3461,0.2922,0.0,1.0,7,0,False,False
197,frame_0214.jpg,85.6,0.3442,0.4054,0.125,0.52,8,1,False,False
198,frame_0303.jpg,121.2,0.3421,0.3902,0.25,0.36,13,2,False,False
199,frame_0013.jpg,5.2,0.3408,0.2816,0.0,1.0,5,0,False,False
200,frame_0097.jpg,38.8,0.3406,0.4991,0.25,0.08,14,2,False,False
201,frame_0102.jpg,40.8,0.3405,0.333,0.5,0.12,13,4,False,False
202,frame_0228.jpg,91.2,0.3404,0.4398,0.375,0.04,12,3,False,False
203,frame_0012.jpg,4.8,0.3394,0.2788,0.0,1.0,6,0,False,False
204,frame_0226.jpg,90.4,0.339,0.5871,0.125,0.04,14,1,False,False
205,frame_0285.jpg,114.0,0.3382,0.2865,0.25,0.6,10,2,False,False
206,frame_0296.jpg,118.4,0.3363,0.3415,0.125,0.64,11,1,False,False
207,frame_0398.jpg,159.2,0.336,0.426,0.25,0.24,13,2,False,False
208,frame_0195.jpg,78.0,0.3351,0.3921,0.25,0.32,8,2,False,False
209,frame_0294.jpg,117.6,0.3346,0.3062,0.125,0.72,10,1,False,False
210,frame_0111.jpg,44.4,0.3345,0.38,0.375,0.16,11,3,False,False
211,frame_0370.jpg,148.0,0.3335,0.5009,0.25,0.04,24,2,False,False
212,frame_0219.jpg,87.6,0.3325,0.462,0.125,0.32,7,1,False,False
213,frame_0085.jpg,34.0,0.3277,0.2814,0.25,0.56,11,2,False,False
214,frame_0292.jpg,116.8,0.3271,0.3341,0.0,0.8,11,0,False,False
215,frame_0015.jpg,6.0,0.3263,0.2525,0.0,1.0,7,0,False,False
216,frame_0225.jpg,90.0,0.326,0.4699,0.25,0.08,12,2,False,False
217,frame_0231.jpg,92.4,0.3225,0.431,0.25,0.16,16,2,False,False
218,frame_0087.jpg,34.8,0.32,0.373,0.125,0.48,8,1,False,False
219,frame_0209.jpg,83.6,0.3187,0.2745,0.125,0.72,9,1,False,False
220,frame_0093.jpg,37.2,0.3094,0.4478,0.125,0.24,10,1,False,False
221,frame_0106.jpg,42.4,0.3086,0.5262,0.125,0.04,15,1,False,False
222,frame_0204.jpg,81.6,0.3085,0.3449,0.0,0.68,5,0,False,False
223,frame_0024.jpg,9.6,0.3068,0.2136,0.0,1.0,10,0,False,False
224,frame_0389.jpg,155.6,0.3065,0.415,0.25,0.12,14,2,False,False
225,frame_0216.jpg,86.4,0.3014,0.3518,0.125,0.44,8,1,False,False
226,frame_0267.jpg,106.8,0.3006,0.4031,0.25,0.12,11,2,False,False
227,frame_0190.jpg,76.0,0.2999,0.4768,0.125,0.12,10,1,False,False
228,frame_0218.jpg,87.2,0.2999,0.3059,0.25,0.36,9,2,False,False
229,frame_0123.jpg,49.2,0.2992,0.2673,0.125,0.64,14,1,False,False
230,frame_0177.jpg,70.8,0.2973,0.4395,0.125,0.2,13,1,False,False
231,frame_0317.jpg,126.8,0.2961,0.3621,0.25,0.2,12,2,False,False
232,frame_0095.jpg,38.0,0.2934,0.4478,0.125,0.16,14,1,False,False
233,frame_0189.jpg,75.6,0.2851,0.3881,0.25,0.08,11,2,False,False
234,frame_0122.jpg,48.8,0.2846,0.3293,0.0,0.6,15,0,False,False
235,frame_0327.jpg,130.8,0.2841,0.4772,0.125,0.04,18,1,False,False
236,frame_0104.jpg,41.6,0.282,0.3659,0.25,0.12,14,2,False,False
237,frame_0332.jpg,132.8,0.2793,0.4677,0.125,0.04,22,1,False,False
238,frame_0272.jpg,108.8,0.2718,0.3616,0.25,0.08,15,2,False,False
239,frame_0279.jpg,111.6,0.2682,0.3174,0.125,0.36,10,1,False,False
240,frame_0091.jpg,36.4,0.2653,0.4026,0.0,0.32,9,0,False,False
241,frame_0088.jpg,35.2,0.2631,0.2752,0.125,0.44,12,1,False,False
242,frame_0308.jpg,123.2,0.2554,0.3718,0.125,0.16,10,1,False,False
243,frame_0197.jpg,78.8,0.2497,0.3393,0.0,0.4,5,0,False,False
244,frame_0311.jpg,124.4,0.2486,0.4811,0.0,0.04,15,0,False,False
245,frame_0199.jpg,79.6,0.2377,0.2083,0.125,0.48,5,1,False,False
246,frame_0220.jpg,88.0,0.2344,0.2819,0.125,0.28,10,1,False,False
247,frame_0269.jpg,107.6,0.2269,0.3628,0.125,0.04,12,1,False,False
248,frame_0397.jpg,158.8,0.2267,0.2983,0.125,0.2,12,1,False,False
249,frame_0184.jpg,73.6,0.2189,0.4059,0.0,0.08,10,0,False,False
250,frame_0105.jpg,42.0,0.2112,0.3903,0.0,0.08,14,0,False,False
251,frame_0198.jpg,79.2,0.1996,0.2233,0.0,0.44,7,0,False,False
252,frame_0196.jpg,78.4,0.193,0.242,0.0,0.36,5,0,False,False
253,frame_0224.jpg,89.6,0.1811,0.2392,0.125,0.12,13,1,False,False
254,frame_0313.jpg,125.2,0.1751,0.2592,0.125,0.04,10,1,False,False
255,frame_0275.jpg,110.0,0.1672,0.2544,0.0,0.2,17,0,False,False
256,frame_0183.jpg,73.2,0.1434,0.2708,0.0,0.04,9,0,False,False
